bin,q1,med,q3,whislo,whishi
0,0.2834695440915938,0.2834695440915938,0.2994030576517936,0.2681400015361346,0.3141982370051045
1,0.0737133246833544,0.080727954890698,0.0817765495171953,0.0618609208184208,0.0817765495171953
2,0.2851515201485966,0.2851515201485966,0.2932488475736703,0.2828589901829557,0.3043100693534796
3,0.33864919593333664,0.3496023862426142,0.3510923565280283,0.3266201398838379,0.3672221498534537
