bin,q1,med,q3,whislo,whishi
0,0.6873499358279013,0.7069387856667816,0.7069387856667816,0.658259918958566,0.7178916080164145
1,0.0615098995317052,0.0620408143778849,0.0697847118186033,0.0491498084963736,0.076923080262756
2,0.10050729175681108,0.1093877508504502,0.1107277810343638,0.0894437031407265,0.1204066595713624
3,0.1216326491048832,0.1216326491048832,0.1284916264960856,0.1116060382748846,0.1377016972950864
