,location,par1,par2,dist
0,India,25.346130385793806,5.348436782702437,lognormal
