,location,par1,par2,dist
0,India,19.687171267467566,3.9631310496731764,lognormal
