bin,q1,med,q3,whislo,whishi
0,0.6521739261614258,0.6697488593626539,0.6780473522753696,0.6243018694517075,0.7119605995218036
1,0.0783729271732884,0.0866438306731275,0.0951967110220392,0.059272428623202,0.1178622912379413
2,0.1296387777806666,0.1451863483811248,0.1601598210742946,0.1002248605813713,0.190393444552393
3,0.0834474888899238,0.0934324073794244,0.1122448829761674,0.0621236517841349,0.1469335704521876
